{
  "epoch": [
    1,
    2,
    3,
    4,
    5,
    6,
    7,
    8,
    9,
    10,
    11,
    12,
    13,
    14,
    15,
    16,
    17,
    18,
    19,
    20,
    21,
    22,
    23,
    24,
    25,
    26,
    27,
    28,
    29,
    30,
    31,
    32,
    33,
    34,
    35,
    36,
    37,
    38,
    39,
    40,
    41,
    42
  ],
  "train_loss": [
    1.2212148244316514,
    1.0926741748242765,
    0.9817117742590002,
    0.9394469285333479,
    0.9615744167083019,
    0.8388377601230467,
    0.769096226305575,
    0.7575590296371563,
    0.7321142445544939,
    0.7181408228100957,
    0.6440380227726858,
    0.6297747146438908,
    0.6241909536356861,
    0.5912069734689351,
    0.5819868364849606,
    0.5648055656536205,
    0.5196870194899069,
    0.5021444869202536,
    0.5003054425925821,
    0.4865716968637866,
    0.4660549622935218,
    0.45354518858162135,
    0.43008314435546463,
    0.4392200024748171,
    0.4318017093716441,
    0.4026520447553815,
    0.4075841285489701,
    0.37319656260110234,
    0.37812179125644063,
    0.37219123894701134,
    0.3431427342867529,
    0.3428694379289408,
    0.33637435230854396,
    0.3221668319122211,
    0.3192803728822115,
    0.3061309492064489,
    0.3051013086192511,
    0.2917358079119711,
    0.2939961596920684,
    0.27979753637132615,
    0.2819401244255337,
    0.2621603770483587
  ],
  "val_loss": [
    1.2716866806149483,
    1.1840260028839111,
    1.1055385544896126,
    1.0887461975216866,
    1.1317707896232605,
    1.0396402329206467,
    0.9926140159368515,
    1.0030701905488968,
    0.999989278614521,
    1.0071639195084572,
    0.9466725811362267,
    0.9459730312228203,
    0.961032047867775,
    0.9514933228492737,
    0.9493930116295815,
    0.9517168924212456,
    0.9232148006558418,
    0.9210704192519188,
    0.9332637377083302,
    0.9327330067753792,
    0.9236098751425743,
    0.9239348024129868,
    0.9101625010371208,
    0.9331018924713135,
    0.9473778009414673,
    0.9280310571193695,
    0.9417648017406464,
    0.9096543341875076,
    0.9180285036563873,
    0.9316509068012238,
    0.9104303419589996,
    0.9224949851632118,
    0.9349749684333801,
    0.9231008738279343,
    0.9267088174819946,
    0.9125055782496929,
    0.9195082001388073,
    0.9150276109576225,
    0.9280911535024643,
    0.9222971796989441,
    0.9245498403906822,
    0.9203811511397362
  ],
  "val_accuracy": [
    0.5293827160493827,
    0.5634567901234568,
    0.6041975308641976,
    0.6101234567901235,
    0.5967901234567902,
    0.6249382716049383,
    0.6550617283950617,
    0.6412345679012346,
    0.6424691358024691,
    0.6449382716049382,
    0.662716049382716,
    0.668395061728395,
    0.6580246913580247,
    0.6624691358024691,
    0.6619753086419753,
    0.6619753086419753,
    0.6713580246913581,
    0.6735802469135802,
    0.6644444444444444,
    0.665679012345679,
    0.6753086419753086,
    0.6775308641975308,
    0.6795061728395062,
    0.6676543209876543,
    0.6681481481481482,
    0.6723456790123457,
    0.6693827160493827,
    0.6797530864197531,
    0.6775308641975308,
    0.6748148148148149,
    0.6844444444444444,
    0.6767901234567901,
    0.6812345679012346,
    0.6795061728395062,
    0.6819753086419753,
    0.6802469135802469,
    0.6750617283950617,
    0.68,
    0.6780246913580247,
    0.682962962962963,
    0.682962962962963,
    0.6832098765432099
  ],
  "learning_rate": [
    0.012,
    0.011881188118811881,
    0.011764705882352941,
    0.011650485436893204,
    0.011538461538461539,
    0.011428571428571429,
    0.011320754716981131,
    0.011214953271028037,
    0.01111111111111111,
    0.011009174311926604,
    0.010909090909090908,
    0.01081081081081081,
    0.010714285714285713,
    0.010619469026548674,
    0.010526315789473684,
    0.010434782608695653,
    0.010344827586206898,
    0.010256410256410256,
    0.01016949152542373,
    0.010084033613445379,
    0.01,
    0.009917355371900827,
    0.009836065573770493,
    0.00975609756097561,
    0.00967741935483871,
    0.009600000000000001,
    0.009523809523809525,
    0.009448818897637795,
    0.009375,
    0.009302325581395349,
    0.00923076923076923,
    0.00916030534351145,
    0.00909090909090909,
    0.009022556390977444,
    0.008955223880597014,
    0.008888888888888889,
    0.008823529411764707,
    0.00875912408759124,
    0.008695652173913044,
    0.008633093525179856,
    0.008571428571428572,
    0.00851063829787234
  ]
}