{
  "backend": "cupy",
  "best_epoch": 31,
  "best_val_accuracy": 0.6844444444444444,
  "test_accuracy": 0.668395061728395,
  "test_loss": 0.951383464038372,
  "class_names": [
    "AnnualCrop",
    "Forest",
    "HerbaceousVegetation",
    "Highway",
    "Industrial",
    "Pasture",
    "PermanentCrop",
    "Residential",
    "River",
    "SeaLake"
  ],
  "per_class_accuracy": [
    0.7488888888888889,
    0.8422222222222222,
    0.5533333333333333,
    0.37866666666666665,
    0.808,
    0.8,
    0.408,
    0.6844444444444444,
    0.6346666666666667,
    0.7955555555555556
  ],
  "train_samples": 18900,
  "val_samples": 4050,
  "test_samples": 4050,
  "config": {
    "data_dir": "/data/yc/CS60003/hw1/EuroSAT_RGB",
    "output_dir": "/data/yc/CS60003/hw1/outputs",
    "seed": 42,
    "hidden_dim": 1280,
    "hidden_dim2": 768,
    "activation": "relu",
    "batch_size": 256,
    "eval_batch_size": 512,
    "epochs": 42,
    "learning_rate": 0.012,
    "lr_decay": 0.01,
    "weight_decay": 0.0002,
    "grad_clip": 3.0,
    "dropout_rate": 0.12,
    "val_ratio": 0.15,
    "test_ratio": 0.15,
    "limit_per_class": null,
    "force_rebuild_cache": false
  }
}