{
  "epoch": [
    1,
    2,
    3,
    4,
    5,
    6,
    7,
    8,
    9,
    10,
    11,
    12,
    13,
    14,
    15,
    16,
    17,
    18,
    19,
    20,
    21,
    22,
    23,
    24,
    25,
    26,
    27,
    28,
    29,
    30,
    31,
    32,
    33,
    34,
    35,
    36
  ],
  "train_loss": [
    1.209123693607949,
    1.0625757977769181,
    0.9506180705250921,
    0.8975803368800396,
    0.9506105361758052,
    0.7787205512459213,
    0.7262350526210424,
    0.6959795577300562,
    0.6702663531979999,
    0.6848296619750358,
    0.5857112198262602,
    0.5670182378710927,
    0.5418352925696889,
    0.530961358869398,
    0.5318980196843276,
    0.5206008378315616,
    0.4812505623778781,
    0.46625567831703135,
    0.4457533353486577,
    0.4185011978890445,
    0.39423101838376073,
    0.3815718482475023,
    0.3613567964450733,
    0.3591394062984634,
    0.34137729343933026,
    0.3331491527323787,
    0.35254496899811,
    0.31145628733006686,
    0.3506519172239948,
    0.301382879248342,
    0.2946079828449198,
    0.2829021230541371,
    0.29168147956197327,
    0.2696345953925236,
    0.2664052281226661,
    0.25401463656610734
  ],
  "val_loss": [
    1.2748818174004555,
    1.175086371600628,
    1.1010500118136406,
    1.078999511897564,
    1.1651408672332764,
    1.0248237252235413,
    0.998290665447712,
    0.9902121499180794,
    0.9930496141314507,
    1.0403224676847458,
    0.9489547088742256,
    0.9477999284863472,
    0.9414222463965416,
    0.9668851345777512,
    0.9652668610215187,
    0.9761832505464554,
    0.9595121890306473,
    0.9625015631318092,
    0.948431521654129,
    0.941427581012249,
    0.9250132441520691,
    0.9288964942097664,
    0.9124801531434059,
    0.92445894703269,
    0.9125087261199951,
    0.9244874641299248,
    0.9703989997506142,
    0.919857069849968,
    0.9648373946547508,
    0.9328628331422806,
    0.9435936138033867,
    0.9344223141670227,
    0.9698226898908615,
    0.944711834192276,
    0.9475921168923378,
    0.9348488822579384
  ],
  "val_accuracy": [
    0.5301234567901234,
    0.568395061728395,
    0.6014814814814815,
    0.6098765432098765,
    0.5881481481481482,
    0.6355555555555555,
    0.6491358024691358,
    0.6481481481481481,
    0.6479012345679013,
    0.6402469135802469,
    0.6654320987654321,
    0.6661728395061728,
    0.6703703703703704,
    0.6666666666666666,
    0.6617283950617284,
    0.6525925925925926,
    0.659753086419753,
    0.6674074074074074,
    0.6624691358024691,
    0.6691358024691358,
    0.6775308641975308,
    0.6832098765432099,
    0.6819753086419753,
    0.6814814814814815,
    0.6824691358024692,
    0.6762962962962963,
    0.662962962962963,
    0.6837037037037037,
    0.6728395061728395,
    0.6780246913580247,
    0.6782716049382717,
    0.6849382716049383,
    0.6748148148148149,
    0.682962962962963,
    0.6822222222222222,
    0.6809876543209876
  ],
  "learning_rate": [
    0.012,
    0.011881188118811881,
    0.011764705882352941,
    0.011650485436893204,
    0.011538461538461539,
    0.011428571428571429,
    0.011320754716981131,
    0.011214953271028037,
    0.01111111111111111,
    0.011009174311926604,
    0.010909090909090908,
    0.01081081081081081,
    0.010714285714285713,
    0.010619469026548674,
    0.010526315789473684,
    0.010434782608695653,
    0.010344827586206898,
    0.010256410256410256,
    0.01016949152542373,
    0.010084033613445379,
    0.01,
    0.009917355371900827,
    0.009836065573770493,
    0.00975609756097561,
    0.00967741935483871,
    0.009600000000000001,
    0.009523809523809525,
    0.009448818897637795,
    0.009375,
    0.009302325581395349,
    0.00923076923076923,
    0.00916030534351145,
    0.00909090909090909,
    0.009022556390977444,
    0.008955223880597014,
    0.008888888888888889
  ]
}