{
  "backend": "cupy",
  "best_epoch": 32,
  "best_val_accuracy": 0.6849382716049383,
  "test_accuracy": 0.6669135802469136,
  "test_loss": 0.9800695329904556,
  "class_names": [
    "AnnualCrop",
    "Forest",
    "HerbaceousVegetation",
    "Highway",
    "Industrial",
    "Pasture",
    "PermanentCrop",
    "Residential",
    "River",
    "SeaLake"
  ],
  "per_class_accuracy": [
    0.6333333333333333,
    0.8266666666666667,
    0.6,
    0.408,
    0.7226666666666667,
    0.7966666666666666,
    0.4613333333333333,
    0.7266666666666667,
    0.6773333333333333,
    0.7933333333333333
  ],
  "train_samples": 18900,
  "val_samples": 4050,
  "test_samples": 4050,
  "config": {
    "data_dir": "EuroSAT_RGB",
    "output_dir": "outputs",
    "seed": 42,
    "hidden_dim": 1280,
    "hidden_dim2": 768,
    "activation": "relu",
    "batch_size": 256,
    "eval_batch_size": 512,
    "epochs": 36,
    "learning_rate": 0.012,
    "lr_decay": 0.01,
    "weight_decay": 0.0002,
    "grad_clip": 3.0,
    "dropout_rate": 0.0,
    "val_ratio": 0.15,
    "test_ratio": 0.15,
    "limit_per_class": null,
    "force_rebuild_cache": false
  }
}
