{
  "epoch": [
    1,
    2,
    3,
    4,
    5,
    6,
    7,
    8,
    9,
    10,
    11,
    12,
    13,
    14,
    15,
    16,
    17,
    18,
    19,
    20,
    21,
    22,
    23,
    24,
    25,
    26,
    27,
    28,
    29,
    30,
    31,
    32,
    33,
    34,
    35,
    36,
    37,
    38,
    39,
    40,
    41,
    42
  ],
  "train_loss": [
    1.2446249812035948,
    1.111300892121083,
    1.0075874828003548,
    0.963435214919013,
    0.9450148207110327,
    0.8674104342589507,
    0.8020703260963028,
    0.7844806027573508,
    0.7683609494486371,
    0.7394639531502852,
    0.6940813463281941,
    0.6656855320608294,
    0.659990257709413,
    0.6223825780121056,
    0.6177824608780242,
    0.6055241096261386,
    0.5558898940279677,
    0.5504088238687128,
    0.5430888692672188,
    0.5240149410391176,
    0.5139328706506137,
    0.5008838821101833,
    0.47424027212970965,
    0.4811321431519212,
    0.4561161436140537,
    0.44030694643387924,
    0.42669909225927816,
    0.42166625376085975,
    0.4046084463999078,
    0.39378718266616,
    0.39311171896957064,
    0.379297018353198,
    0.36936868727207184,
    0.3613452015293611,
    0.3752000160213258,
    0.34306401245900103,
    0.3416701569851186,
    0.3298654502157021,
    0.3283783703841068,
    0.3097238290450863,
    0.30919780763419896,
    0.2961969027245367
  ],
  "val_loss": [
    1.2965304851531982,
    1.1929267793893814,
    1.12112158536911,
    1.0981651470065117,
    1.103720486164093,
    1.0479783490300179,
    1.0019881501793861,
    1.0039597898721695,
    1.0108734741806984,
    1.001179926097393,
    0.9650482907891273,
    0.9525233209133148,
    0.9631773456931114,
    0.9406730830669403,
    0.9471054524183273,
    0.9571618959307671,
    0.9184756726026535,
    0.932119257748127,
    0.9368426129221916,
    0.9284046925604343,
    0.9294608533382416,
    0.9298167452216148,
    0.9157032892107964,
    0.9333923831582069,
    0.9134662747383118,
    0.9171092808246613,
    0.9063829258084297,
    0.9160668402910233,
    0.9028994590044022,
    0.9008844047784805,
    0.9190594553947449,
    0.9089087918400764,
    0.9126445651054382,
    0.9072722420096397,
    0.9363835453987122,
    0.9055482968688011,
    0.912715058773756,
    0.906489796936512,
    0.91155606508255,
    0.9011356756091118,
    0.9055232033133507,
    0.9031715244054794
  ],
  "val_accuracy": [
    0.5207407407407407,
    0.5619753086419753,
    0.5923456790123457,
    0.6066666666666667,
    0.6027160493827161,
    0.6222222222222222,
    0.6461728395061729,
    0.639753086419753,
    0.6380246913580246,
    0.6474074074074074,
    0.6565432098765432,
    0.6565432098765432,
    0.6604938271604939,
    0.674320987654321,
    0.6641975308641975,
    0.657283950617284,
    0.6688888888888889,
    0.6676543209876543,
    0.6634567901234568,
    0.6664197530864198,
    0.6720987654320988,
    0.6693827160493827,
    0.6785185185185185,
    0.6730864197530865,
    0.6775308641975308,
    0.6760493827160494,
    0.6748148148148149,
    0.6750617283950617,
    0.6792592592592592,
    0.6809876543209876,
    0.6792592592592592,
    0.682962962962963,
    0.6846913580246914,
    0.6851851851851852,
    0.6762962962962963,
    0.6802469135802469,
    0.6755555555555556,
    0.6782716049382717,
    0.68,
    0.6869135802469136,
    0.6849382716049383,
    0.6876543209876543
  ],
  "learning_rate": [
    0.012,
    0.011881188118811881,
    0.011764705882352941,
    0.011650485436893204,
    0.011538461538461539,
    0.011428571428571429,
    0.011320754716981131,
    0.011214953271028037,
    0.01111111111111111,
    0.011009174311926604,
    0.010909090909090908,
    0.01081081081081081,
    0.010714285714285713,
    0.010619469026548674,
    0.010526315789473684,
    0.010434782608695653,
    0.010344827586206898,
    0.010256410256410256,
    0.01016949152542373,
    0.010084033613445379,
    0.01,
    0.009917355371900827,
    0.009836065573770493,
    0.00975609756097561,
    0.00967741935483871,
    0.009600000000000001,
    0.009523809523809525,
    0.009448818897637795,
    0.009375,
    0.009302325581395349,
    0.00923076923076923,
    0.00916030534351145,
    0.00909090909090909,
    0.009022556390977444,
    0.008955223880597014,
    0.008888888888888889,
    0.008823529411764707,
    0.00875912408759124,
    0.008695652173913044,
    0.008633093525179856,
    0.008571428571428572,
    0.00851063829787234
  ]
}