{
  "backend": "cupy",
  "best_epoch": 42,
  "best_val_accuracy": 0.6876543209876543,
  "test_accuracy": 0.6809876543209876,
  "test_loss": 0.9361338689923286,
  "class_names": [
    "AnnualCrop",
    "Forest",
    "HerbaceousVegetation",
    "Highway",
    "Industrial",
    "Pasture",
    "PermanentCrop",
    "Residential",
    "River",
    "SeaLake"
  ],
  "per_class_accuracy": [
    0.7155555555555555,
    0.8377777777777777,
    0.5622222222222222,
    0.416,
    0.8373333333333334,
    0.77,
    0.5226666666666666,
    0.6733333333333333,
    0.6266666666666667,
    0.8244444444444444
  ],
  "train_samples": 18900,
  "val_samples": 4050,
  "test_samples": 4050,
  "notes": "final_o 是扩展实验，对应 report 中的 dropout=0.18 版本。仓库默认不跟踪它的权重文件，如需完整产物可运行 python -X utf8 \"hw1/train.py\" --preset final_o 重新生成。",
  "config": {
    "data_dir": "EuroSAT_RGB",
    "output_dir": "outputs",
    "seed": 42,
    "hidden_dim": 1280,
    "hidden_dim2": 768,
    "activation": "relu",
    "batch_size": 256,
    "eval_batch_size": 512,
    "epochs": 42,
    "learning_rate": 0.012,
    "lr_decay": 0.01,
    "weight_decay": 0.0002,
    "grad_clip": 3.0,
    "dropout_rate": 0.18,
    "val_ratio": 0.15,
    "test_ratio": 0.15,
    "limit_per_class": null,
    "force_rebuild_cache": false
  }
}
