{
  "epoch": [
    1,
    2,
    3,
    4,
    5,
    6,
    7,
    8,
    9,
    10,
    11,
    12,
    13,
    14,
    15,
    16,
    17,
    18,
    19,
    20,
    21,
    22,
    23,
    24,
    25,
    26,
    27,
    28,
    29,
    30,
    31,
    32,
    33,
    34,
    35,
    36,
    37,
    38,
    39,
    40
  ],
  "train_loss": [
    1.2709283482384037,
    1.1279979436784178,
    0.9897073209285736,
    0.944858440676251,
    0.9382252177676639,
    0.8480775158953022,
    0.7845723302783193,
    0.7778659426682705,
    0.7480776104572657,
    0.7404243027841723,
    0.6619825286639703,
    0.6475757775274483,
    0.629699749116962,
    0.6057251623353442,
    0.6009161943519438,
    0.5781949053745012,
    0.5364491865038872,
    0.5301442087904827,
    0.527168519794941,
    0.511398429604801,
    0.48784644116421005,
    0.4858199694269412,
    0.45730898317855756,
    0.4614653164470518,
    0.4329890425543527,
    0.4139306819116747,
    0.4149208930698601,
    0.3973043265979032,
    0.38947203856062246,
    0.3813099110549366,
    0.3672101039540123,
    0.36238610402152344,
    0.3524915172743636,
    0.33860298210906015,
    0.3468860928472635,
    0.32657211792428753,
    0.31983208283782005,
    0.31196955319594694,
    0.30472205211786,
    0.2930349438778452
  ],
  "val_loss": [
    1.3225914910435677,
    1.2199207842350006,
    1.1101686879992485,
    1.0912094339728355,
    1.1039878949522972,
    1.0432420149445534,
    0.9995621517300606,
    1.013502411544323,
    1.0070463493466377,
    1.0167317613959312,
    0.950176551938057,
    0.9502251520752907,
    0.9534744471311569,
    0.946711465716362,
    0.9504154622554779,
    0.9523240327835083,
    0.9231820330023766,
    0.9298289120197296,
    0.9390377402305603,
    0.9367227405309677,
    0.9265366271138191,
    0.9348223693668842,
    0.9156572595238686,
    0.9371639490127563,
    0.915608324110508,
    0.909565195441246,
    0.9192115291953087,
    0.9106235727667809,
    0.9135593250393867,
    0.917355477809906,
    0.9150937274098396,
    0.9206896126270294,
    0.9214330464601517,
    0.9134653359651566,
    0.9380688071250916,
    0.9118758328258991,
    0.9112997241318226,
    0.912215780466795,
    0.9109115526080132,
    0.9056065827608109
  ],
  "val_accuracy": [
    0.5024691358024691,
    0.5446913580246914,
    0.6046913580246913,
    0.6069135802469136,
    0.6,
    0.6244444444444445,
    0.6491358024691358,
    0.6370370370370371,
    0.6395061728395062,
    0.6417283950617284,
    0.6637037037037037,
    0.6612345679012346,
    0.6614814814814814,
    0.6711111111111111,
    0.6602469135802469,
    0.6575308641975308,
    0.6674074074074074,
    0.6691358024691358,
    0.6624691358024691,
    0.6562962962962963,
    0.6745679012345679,
    0.6733333333333333,
    0.6777777777777778,
    0.6706172839506173,
    0.6792592592592592,
    0.6797530864197531,
    0.6735802469135802,
    0.6765432098765433,
    0.6777777777777778,
    0.6760493827160494,
    0.6797530864197531,
    0.6807407407407408,
    0.6785185185185185,
    0.6841975308641975,
    0.677283950617284,
    0.68,
    0.6787654320987654,
    0.68,
    0.688641975308642,
    0.6846913580246914
  ],
  "learning_rate": [
    0.012,
    0.011881188118811881,
    0.011764705882352941,
    0.011650485436893204,
    0.011538461538461539,
    0.011428571428571429,
    0.011320754716981131,
    0.011214953271028037,
    0.01111111111111111,
    0.011009174311926604,
    0.010909090909090908,
    0.01081081081081081,
    0.010714285714285713,
    0.010619469026548674,
    0.010526315789473684,
    0.010434782608695653,
    0.010344827586206898,
    0.010256410256410256,
    0.01016949152542373,
    0.010084033613445379,
    0.01,
    0.009917355371900827,
    0.009836065573770493,
    0.00975609756097561,
    0.00967741935483871,
    0.009600000000000001,
    0.009523809523809525,
    0.009448818897637795,
    0.009375,
    0.009302325581395349,
    0.00923076923076923,
    0.00916030534351145,
    0.00909090909090909,
    0.009022556390977444,
    0.008955223880597014,
    0.008888888888888889,
    0.008823529411764707,
    0.00875912408759124,
    0.008695652173913044,
    0.008633093525179856
  ]
}