{
  "backend": "cupy",
  "best_epoch": 39,
  "best_val_accuracy": 0.688641975308642,
  "test_accuracy": 0.6713580246913581,
  "test_loss": 0.9514583349227905,
  "class_names": [
    "AnnualCrop",
    "Forest",
    "HerbaceousVegetation",
    "Highway",
    "Industrial",
    "Pasture",
    "PermanentCrop",
    "Residential",
    "River",
    "SeaLake"
  ],
  "per_class_accuracy": [
    0.7111111111111111,
    0.8311111111111111,
    0.5355555555555556,
    0.37333333333333335,
    0.8266666666666667,
    0.7233333333333334,
    0.504,
    0.6844444444444444,
    0.6453333333333333,
    0.84
  ],
  "train_samples": 18900,
  "val_samples": 4050,
  "test_samples": 4050,
  "config": {
    "data_dir": "/data/yc/CS60003/hw1/EuroSAT_RGB",
    "output_dir": "/data/yc/CS60003/hw1/outputs",
    "seed": 42,
    "hidden_dim": 1280,
    "hidden_dim2": 768,
    "activation": "relu",
    "batch_size": 256,
    "eval_batch_size": 512,
    "epochs": 40,
    "learning_rate": 0.012,
    "lr_decay": 0.01,
    "weight_decay": 0.0002,
    "grad_clip": 3.0,
    "dropout_rate": 0.15,
    "val_ratio": 0.15,
    "test_ratio": 0.15,
    "limit_per_class": null,
    "force_rebuild_cache": false
  }
}