{
  "epoch": [
    1,
    2,
    3,
    4,
    5,
    6,
    7,
    8,
    9,
    10,
    11,
    12,
    13,
    14,
    15,
    16,
    17,
    18,
    19,
    20,
    21,
    22,
    23,
    24,
    25,
    26,
    27,
    28,
    29,
    30,
    31,
    32,
    33,
    34,
    35,
    36,
    37,
    38,
    39,
    40
  ],
  "train_loss": [
    1.2256315302204441,
    1.1032693490788743,
    0.9761077721376676,
    0.9360708868181383,
    0.9445486044561541,
    0.8240592962986714,
    0.7602423163684638,
    0.7530130445957184,
    0.7147390999504037,
    0.7193145747925784,
    0.6395133838460252,
    0.615330999364724,
    0.6062784894696764,
    0.5893515110821337,
    0.5660455609495575,
    0.5642467680815104,
    0.5095195401761983,
    0.514376891424527,
    0.4984954984204189,
    0.4666037586693828,
    0.45176814093783096,
    0.437245382952529,
    0.41893929978077477,
    0.4181328931370297,
    0.4015840162095186,
    0.3850001970658431,
    0.4008459038025624,
    0.3562127938745795,
    0.3708915704408208,
    0.35643707326537855,
    0.33135699521045425,
    0.33388156161920446,
    0.3317420108596215,
    0.3107570916716311,
    0.3126443401985877,
    0.2978631611410025,
    0.29099977273191957,
    0.28407925032582637,
    0.2768673389344602,
    0.270280730331669
  ],
  "val_loss": [
    1.2786581292748451,
    1.1952831372618675,
    1.1033898815512657,
    1.090961366891861,
    1.1209041327238083,
    1.032762087881565,
    0.9908284172415733,
    1.00654336810112,
    0.9882483631372452,
    1.0168829783797264,
    0.9481664672493935,
    0.9377793297171593,
    0.9510569050908089,
    0.9628189131617546,
    0.9390415400266647,
    0.9588926732540131,
    0.9214179217815399,
    0.946071557700634,
    0.9379457533359528,
    0.9202623292803764,
    0.9165390729904175,
    0.9167224988341331,
    0.9053431525826454,
    0.9183600470423698,
    0.9120155274868011,
    0.9101170748472214,
    0.945671521127224,
    0.8968844562768936,
    0.9253761395812035,
    0.9208264946937561,
    0.9082567095756531,
    0.9196189641952515,
    0.9417804926633835,
    0.9145342633128166,
    0.9300028830766678,
    0.9141941145062447,
    0.9104214236140251,
    0.9135740548372269,
    0.9127397611737251,
    0.9207827374339104
  ],
  "val_accuracy": [
    0.5303703703703704,
    0.5558024691358024,
    0.6007407407407407,
    0.6093827160493828,
    0.5935802469135802,
    0.6330864197530864,
    0.6592592592592592,
    0.6407407407407407,
    0.6535802469135803,
    0.6481481481481481,
    0.6644444444444444,
    0.6669135802469136,
    0.6582716049382716,
    0.6674074074074074,
    0.6679012345679012,
    0.6582716049382716,
    0.6691358024691358,
    0.6718518518518518,
    0.6614814814814814,
    0.668395061728395,
    0.6753086419753086,
    0.6787654320987654,
    0.6787654320987654,
    0.6758024691358024,
    0.6775308641975308,
    0.6790123456790124,
    0.6651851851851852,
    0.6824691358024692,
    0.674320987654321,
    0.6765432098765433,
    0.6782716049382717,
    0.6755555555555556,
    0.6795061728395062,
    0.6844444444444444,
    0.6797530864197531,
    0.6753086419753086,
    0.6767901234567901,
    0.6817283950617284,
    0.6834567901234568,
    0.6854320987654321
  ],
  "learning_rate": [
    0.012,
    0.011881188118811881,
    0.011764705882352941,
    0.011650485436893204,
    0.011538461538461539,
    0.011428571428571429,
    0.011320754716981131,
    0.011214953271028037,
    0.01111111111111111,
    0.011009174311926604,
    0.010909090909090908,
    0.01081081081081081,
    0.010714285714285713,
    0.010619469026548674,
    0.010526315789473684,
    0.010434782608695653,
    0.010344827586206898,
    0.010256410256410256,
    0.01016949152542373,
    0.010084033613445379,
    0.01,
    0.009917355371900827,
    0.009836065573770493,
    0.00975609756097561,
    0.00967741935483871,
    0.009600000000000001,
    0.009523809523809525,
    0.009448818897637795,
    0.009375,
    0.009302325581395349,
    0.00923076923076923,
    0.00916030534351145,
    0.00909090909090909,
    0.009022556390977444,
    0.008955223880597014,
    0.008888888888888889,
    0.008823529411764707,
    0.00875912408759124,
    0.008695652173913044,
    0.008633093525179856
  ]
}