{
  "backend": "cupy",
  "best_epoch": 40,
  "best_val_accuracy": 0.6854320987654321,
  "test_accuracy": 0.6775308641975308,
  "test_loss": 0.9712165594100952,
  "class_names": [
    "AnnualCrop",
    "Forest",
    "HerbaceousVegetation",
    "Highway",
    "Industrial",
    "Pasture",
    "PermanentCrop",
    "Residential",
    "River",
    "SeaLake"
  ],
  "per_class_accuracy": [
    0.7088888888888889,
    0.7888888888888889,
    0.5133333333333333,
    0.3893333333333333,
    0.808,
    0.8,
    0.5973333333333334,
    0.6822222222222222,
    0.6586666666666666,
    0.8266666666666667
  ],
  "train_samples": 18900,
  "val_samples": 4050,
  "test_samples": 4050,
  "config": {
    "data_dir": "/data/yc/CS60003/hw1/EuroSAT_RGB",
    "output_dir": "/data/yc/CS60003/hw1/outputs",
    "seed": 42,
    "hidden_dim": 1280,
    "hidden_dim2": 768,
    "activation": "relu",
    "batch_size": 256,
    "eval_batch_size": 512,
    "epochs": 40,
    "learning_rate": 0.012,
    "lr_decay": 0.01,
    "weight_decay": 0.0002,
    "grad_clip": 3.0,
    "dropout_rate": 0.1,
    "val_ratio": 0.15,
    "test_ratio": 0.15,
    "limit_per_class": null,
    "force_rebuild_cache": false
  }
}