{
  "backend": "cupy",
  "best_epoch": 42,
  "best_val_accuracy": 0.6901234567901234,
  "test_accuracy": 0.6758024691358024,
  "test_loss": 0.9587884843349457,
  "class_names": [
    "AnnualCrop",
    "Forest",
    "HerbaceousVegetation",
    "Highway",
    "Industrial",
    "Pasture",
    "PermanentCrop",
    "Residential",
    "River",
    "SeaLake"
  ],
  "per_class_accuracy": [
    0.7111111111111111,
    0.8466666666666667,
    0.5733333333333334,
    0.3973333333333333,
    0.8346666666666667,
    0.79,
    0.4666666666666667,
    0.6533333333333333,
    0.648,
    0.8155555555555556
  ],
  "train_samples": 18900,
  "val_samples": 4050,
  "test_samples": 4050,
  "config": {
    "data_dir": "EuroSAT_RGB",
    "output_dir": "outputs",
    "seed": 42,
    "hidden_dim": 1280,
    "hidden_dim2": 768,
    "activation": "relu",
    "batch_size": 256,
    "eval_batch_size": 512,
    "epochs": 44,
    "learning_rate": 0.012,
    "lr_decay": 0.01,
    "weight_decay": 0.0002,
    "grad_clip": 3.0,
    "dropout_rate": 0.15,
    "val_ratio": 0.15,
    "test_ratio": 0.15,
    "limit_per_class": null,
    "force_rebuild_cache": false
  }
}
