{
  "epoch": [
    1,
    2,
    3,
    4,
    5,
    6,
    7,
    8,
    9,
    10,
    11,
    12,
    13,
    14,
    15,
    16,
    17,
    18,
    19,
    20,
    21,
    22,
    23,
    24,
    25,
    26,
    27,
    28
  ],
  "train_loss": [
    1.2106045437489867,
    1.063653658155411,
    0.9514726481992731,
    0.8980728042819512,
    0.9512053816028373,
    0.7786294830286944,
    0.7266339433003985,
    0.6957353568203235,
    0.6699813048801725,
    0.6849302675988939,
    0.585745905038541,
    0.5669708695361223,
    0.5418966889507556,
    0.530867232267188,
    0.5317212372734433,
    0.5206594252460217,
    0.4814439942470934,
    0.46619577716267296,
    0.4460548162081885,
    0.41861196733025646,
    0.39395224663315626,
    0.3813081854550296,
    0.36124120578564034,
    0.35920255138129786,
    0.34100099711191084,
    0.3329373011513362,
    0.352208311255016,
    0.3111505889892578
  ],
  "val_loss": [
    1.281488796663873,
    1.1804304411970539,
    1.1056607762383825,
    1.08223169579918,
    1.1692879660041244,
    1.0261774060166913,
    1.002134730256634,
    0.9913139522222825,
    0.9942614347552076,
    1.043607854872574,
    0.9521099353130953,
    0.9506536914978498,
    0.9448831507011696,
    0.9700521018181318,
    0.967867569187541,
    0.9801966566215327,
    0.9644183391111868,
    0.9664372657846522,
    0.9540465830579216,
    0.9463502284332558,
    0.9281873964674678,
    0.9322902259414578,
    0.9166514852311876,
    0.9295995287394818,
    0.9155725383758545,
    0.9284494355578481,
    0.9740849076082677,
    0.9235558311438855
  ],
  "val_accuracy": [
    0.5301234567901234,
    0.568395061728395,
    0.6014814814814815,
    0.6098765432098765,
    0.5881481481481482,
    0.6355555555555555,
    0.6491358024691358,
    0.6481481481481481,
    0.6479012345679013,
    0.6402469135802469,
    0.6654320987654321,
    0.6661728395061728,
    0.6703703703703704,
    0.6666666666666666,
    0.6617283950617284,
    0.6525925925925926,
    0.659753086419753,
    0.6674074074074074,
    0.6624691358024691,
    0.6691358024691358,
    0.6775308641975308,
    0.6832098765432099,
    0.6819753086419753,
    0.6814814814814815,
    0.6824691358024692,
    0.6762962962962963,
    0.662962962962963,
    0.6837037037037037
  ],
  "learning_rate": [
    0.012,
    0.011881188118811881,
    0.011764705882352941,
    0.011650485436893204,
    0.011538461538461539,
    0.011428571428571429,
    0.011320754716981131,
    0.011214953271028037,
    0.01111111111111111,
    0.011009174311926604,
    0.010909090909090908,
    0.01081081081081081,
    0.010714285714285713,
    0.010619469026548674,
    0.010526315789473684,
    0.010434782608695653,
    0.010344827586206898,
    0.010256410256410256,
    0.01016949152542373,
    0.010084033613445379,
    0.01,
    0.009917355371900827,
    0.009836065573770493,
    0.00975609756097561,
    0.00967741935483871,
    0.009600000000000001,
    0.009523809523809525,
    0.009448818897637795
  ]
}