{
  "backend": "cupy",
  "best_epoch": 28,
  "best_val_accuracy": 0.6837037037037037,
  "test_accuracy": 0.6634567901234568,
  "test_loss": 0.9746454408139358,
  "class_names": [
    "AnnualCrop",
    "Forest",
    "HerbaceousVegetation",
    "Highway",
    "Industrial",
    "Pasture",
    "PermanentCrop",
    "Residential",
    "River",
    "SeaLake"
  ],
  "per_class_accuracy": [
    0.72,
    0.8377777777777777,
    0.5555555555555556,
    0.38666666666666666,
    0.7386666666666667,
    0.8,
    0.4106666666666667,
    0.7066666666666667,
    0.6533333333333333,
    0.7933333333333333
  ],
  "train_samples": 18900,
  "val_samples": 4050,
  "test_samples": 4050,
  "config": {
    "data_dir": "EuroSAT_RGB",
    "output_dir": "outputs",
    "seed": 42,
    "hidden_dim": 1280,
    "hidden_dim2": 768,
    "activation": "relu",
    "batch_size": 256,
    "eval_batch_size": 512,
    "epochs": 28,
    "learning_rate": 0.012,
    "lr_decay": 0.01,
    "weight_decay": 0.0002,
    "grad_clip": 3.0,
    "dropout_rate": 0.0,
    "val_ratio": 0.15,
    "test_ratio": 0.15,
    "limit_per_class": null,
    "force_rebuild_cache": false
  }
}